Idx,start,hs,sex,initpgm,src,race,nmyn,rac,race2,race3,race4,race5,race6,race7,hst,hst2,hst3,hst4,alum,alum1,alum2,alum3,seg,seg2,seg3,seg4,seg5,seg6,rnk,siz,prnk,engsem,tcr,hsgpa,cmp,mat,sci,eng,rdg,dst,nm,gndr,yr,ext,extyn,gpayn,status,wgpa,mjr,mnr
197,2015,Liberty High School,Male,Business Administration,Walk In,Hispanic,n,3,0,1,0,0,0,0,1,0,0,0,2,0,1,0,3,0,1,0,0,0,357,546,0.346153846,8,11,2.6,27.13986014,25.78417266,26.95683453,28.02158273,28.48920863,0,0,1,0,0,n,y,Grad with GPA,2.359,BA Psychological Sci,
166,2015,North Kansas City High School,Female,Nursing,Suspect Import - NRCCUA,White,n,1,0,0,0,0,0,0,1,0,0,0,0,0,0,0,3,0,1,0,0,0,132,388,0.659793814,8,16,3.18,20,16,22,20,22,51,0,0,0,0,n,y,Grad with GPA,2.412,BA Psychology,
50,2016,Staley High School,Female,Nursing,Online Event Registration,White,n,1,0,0,0,0,0,0,1,0,0,0,0,0,0,0,3,0,1,0,0,0,118,358,0.670391061,8,39,3.65,21,19,24,21,19,88,0,0,1,0,n,y,Grad with GPA,2.551,BA Psychological Sciences,
77,2015,Kearney R-I Senior High School,Male,Business Administration,Suspect Import - NRCCUA,White,n,1,0,0,0,0,0,0,1,0,0,0,1,1,0,0,4,0,0,1,0,0,143,292,0.510273973,8,15,3.44,22,24,22,21,19,8,0,1,0,0,n,y,Grad with GPA,2.558,BS BusAd,
198,2015,Lincoln Southeast High School,Female,French,College Fair/Program,White,n,1,0,0,0,0,0,0,1,0,0,0,0,0,0,0,1,0,0,0,0,0,108,540,0.8,8,2,3.66,23,24,22,24,21,4442,0,0,0,0,n,y,Grad with GPA,2.76,"BA French, Intl Rel",
241,2015,Christian Brothers College HS,Male,Political Science,Campus Visit Request,White,n,1,0,0,0,0,0,0,2,0,1,0,0,0,0,0,3,0,1,0,0,0,55.2,294,0.812244898,8,35,3.49,30,22,34,30,33,1047,0,1,0,0,n,y,Grad with GPA,2.793,BA Political Sci,
243,2016,Hogan Preparatory Academy,Male,Theatre,Search - NRCCUA,Black,n,2,1,0,0,0,0,0,1,0,0,0,0,0,0,0,1,0,0,0,0,0,4,67,0.940298507,8,3,3.62,15,16,17,16,14,68,0,1,1,0,n,y,Grad with GPA,2.795,BA Theatre,
89,2015,WARRIOR RUN HIGH SCHOOL,Male,English,Referral - Friend,White,n,1,0,0,0,0,0,0,1,0,0,0,3,0,0,1,1,0,0,0,0,0,66,125,0.472,8,0,3.45,27.13986014,25.78417266,26.95683453,28.02158273,28.48920863,46291,0,1,0,0,n,y,Grad with GPA,2.813,BA English,
37,2016,BISHOP DUNNE CATHOLIC SCHOOL,Female,Biology,MyMajors.com,Black,n,2,1,0,0,0,0,0,2,0,1,0,0,0,0,0,2,1,0,0,0,0,44,97,0.546391753,8,14,3.41,19,15,19,20,20,11181,0,0,1,0,n,y,Grad with GPA,2.85,BA Biochemistry,
212,2015,Blue Springs High School,Female,History,Search - Nonresponder,White,n,1,0,0,0,0,0,0,1,0,0,0,0,0,0,0,3,0,1,0,0,0,28,591,0.952622673,8,20,4.04,29,28,26,29,32,54,0,0,0,0,n,y,Grad with GPA,2.862,BA History,"Women's Studies, Comms"
214,2015,Millard North High School,Female,Psychology,Search - Nonresponder,White,n,1,0,0,0,0,0,0,1,0,0,0,0,0,0,0,3,0,1,0,0,0,100,592,0.831081081,8,18,3.65,31,27,27,35,36,4067,0,0,0,0,n,y,Grad with GPA,2.874,"BA Psychology, Studio Art",Spanish
111,2016,Liberty North High School,Female,Psychology,Online Application,,n,7,0,0,0,0,0,1,1,0,0,0,1,1,0,0,3,0,1,0,0,0,190,387,0.509043928,7,0,3.16,26,18,22,22,21,89,0,0,1,0,n,y,Grad with GPA,2.875,BA Psychological Sciences,Theatre
24,2015,Lees Summit North High School,Male,Nursing,Campus Visit Request,White,n,1,0,0,0,0,0,0,1,0,0,0,0,0,0,0,5,0,0,0,1,0,265,453,0.415011038,8,11,3.02,22,21,23,22,21,18,0,1,0,0,n,y,Grad with GPA,2.908,BS Nursing,
72,2015,Fulton High School,Male,Political Science,Search - Nonresponder,White,n,1,0,0,0,0,0,0,1,0,0,0,0,0,0,0,3,0,1,0,0,0,55.2,294,0.812244898,6,12,3.64,25,23,26,21,28,1183,0,1,0,0,n,y,Grad with GPA,2.939,"BA Political Science, Intl Relations",
188,2015,Kickapoo High School,Male,Business Administration,Online Application,White,n,1,0,0,0,0,0,0,1,0,0,0,0,0,0,0,4,0,0,1,0,0,162,435,0.627586207,8,13,3.79,23,26,25,24,23,1742,0,1,0,0,n,y,Grad with GPA,2.985,BS BusAd,Entre Ldrshp
33,2016,WILLOW CANYON HIGH SCHOOL,Male,Civil Engineering,Online Application,2 or more,n,5,0,0,0,1,0,0,1,0,0,0,0,0,0,0,4,0,0,1,0,0,55.2,294,0.812244898,8,0,3.698,19,25.78417266,26.95683453,28.02158273,28.48920863,19520,0,1,1,0,n,y,Grad with GPA,3.051,"BS BusAd, Econ",
48,2015,Lees Summit Senior High School,Female,Nursing,College Fair/Program,White,n,1,0,0,0,0,0,0,1,0,0,0,0,0,0,0,3,0,1,0,0,0,64,424,0.849056604,8,8,3.96,24,26,24,25,23,5,0,0,0,0,n,y,Grad with GPA,3.066,BA Communications,
107,2015,Cameron R-I High School,Female,Music Education-Instrumental,College Fair/Program,White,n,1,0,0,0,0,0,0,1,0,0,0,0,0,0,0,4,0,0,1,0,0,20,117,0.829059829,8,9,3.74,20,23,21,19,17,361,0,0,0,0,n,y,Grad with GPA,3.117,BS Bus Ad,
52,2015,Mount Vernon R-V High School,Female,Nursing,Campus Visit Request,White,n,1,0,0,0,0,0,0,1,0,0,0,0,0,0,0,5,0,0,0,1,0,18,115,0.843478261,8,20,3.92,25,26,25,20,28,1644,0,0,0,0,n,y,Grad with GPA,3.118,BS Nursing,
125,2016,F L Schlagle High School,Male,Civil Engineering,Online Application,Asian,n,4,0,0,1,0,0,0,1,0,0,0,0,0,0,0,4,0,0,1,0,0,3,188,0.984042553,8,14,3.95,16,17,21,12,13,2036,0,1,1,0,n,y,Grad with GPA,3.133,BS Civil Eng,
49,2016,Shawnee Mission Northwest HS,Male,Political Science,Campus Visit Request,White,n,1,0,0,0,0,0,0,1,0,0,0,0,0,0,0,3,0,1,0,0,0,55.2,294,0.812244898,8,24,3.24,26,23,26,27,27,2148,0,1,1,0,n,y,Grad with GPA,3.148,"BA Political Sci, History",
44,2015,St Teresas Academy,Female,Nursing,Online Application,,n,7,0,0,0,0,0,1,2,0,1,0,1,1,0,0,5,0,0,0,1,0,55.2,294,0.812244898,8,6,3.45,24,17,21,29,28,11,0,0,0,0,n,y,Grad with GPA,3.204,"BS Nursing, ACTI",
132,2016,Olathe North High School,Male,Business Administration,Suspect Import - ACT EOS,White,n,1,0,0,0,0,0,0,1,0,0,0,0,0,0,0,4,0,0,1,0,0,130,556,0.76618705,8,14,4,24,27,22,24,21,1993,0,1,1,0,n,y,Grad with GPA,3.206,BS Bus Ad,Spanish
182,2015,Staley High School,Male,Psychology,Search - Nonresponder,White,n,1,0,0,0,0,0,0,1,0,0,0,0,0,0,0,3,0,1,0,0,0,94,307,0.693811075,8,19,3.71,26,27,26,26,26,10,0,1,0,0,n,y,Grad with GPA,3.207,"BA Psychology, Religion and Culture",
239,2015,Tulsa Sch of Arts & Sciences,Male,Undecided,Suspect Import - ACT EOS,White,n,1,0,0,0,0,0,0,1,0,0,0,0,0,0,0,3,0,1,0,0,0,55.2,294,0.812244898,9,0,3.84,31,26,34,30,32,10046,0,1,0,0,n,y,Grad with GPA,3.241,BA Communications,
36,2016,Kirkwood High School,Female,Nursing,Search - NRCCUA,White,n,1,0,0,0,0,0,0,1,0,0,0,2,0,1,0,3,0,1,0,0,0,158,451,0.649667406,6,22,3.697,25,26,24,23,28,946,0,0,1,0,n,y,Grad with GPA,3.26,BS Public Relations,
235,2016,Louisville High School,Female,Physics,Search - Nonresponder,White,n,1,0,0,0,0,0,0,1,0,0,0,0,0,0,0,1,0,0,0,0,0,1,42,0.976190476,7,10,3.91,27,25,24,32,28,3969,0,0,1,0,n,y,Grad with GPA,3.267,"BA English, ACTI",
130,2016,Park Hill South High School,Female,Nursing,Campus Visit Request,White,n,1,0,0,0,0,0,0,1,0,0,0,1,1,0,0,5,0,0,0,1,0,70,369,0.810298103,6,23,3.88,23,25,23,20,22,84,0,0,1,0,n,y,Grad with GPA,3.278,BS Nursing,
220,2016,J C Harmon High School,Male,Civil Engineering,Online Application,Hispanic,n,3,0,1,0,0,0,0,1,0,0,0,0,0,0,0,4,0,0,1,0,0,34,253,0.865612648,8,35,3.52,18,21,19,15,15,2035,0,1,1,0,n,y,Grad with GPA,3.282,BS Civil Engineering,
195,2016,Blue Valley West High School,Female,English,Online Application,White,n,1,0,0,0,0,0,0,1,0,0,0,0,0,0,0,1,0,0,0,0,0,90,307,0.706840391,8,16,3.93,31,28,31,33,35,2153,0,0,1,0,n,y,Grad with GPA,3.301,"BA Philosophy, NPL",
60,2015,North Kansas City High School,Unknown,Music-Performance,Suspect Import - NRCCUA,White,n,1,0,0,0,0,0,0,1,0,0,0,0,0,0,0,1,0,0,0,0,0,21,385,0.945454545,8,20,4.14,33,31,35,32,33,87,0,1,0,0,n,y,Grad with GPA,3.306,BS Music,Math
178,2015,Shawnee Mission East HS,Male,Nursing,Suspect Import - ACT EOS,,n,7,0,0,0,0,0,1,1,0,0,0,0,0,0,0,5,0,0,0,1,0,168,374,0.550802139,8,11,3.62,30,29,34,28,28,2140,0,1,0,0,n,y,Grad with GPA,3.309,BS Nursing,
90,2016,Mill Valley High School,Female,Communication,Online Application,White,n,1,0,0,0,0,0,0,1,0,0,0,0,0,0,0,3,0,1,0,0,0,229,313,0.268370607,8,3,2.98,21,18,22,23,25,2150,0,0,1,0,n,y,Grad with GPA,3.322,"BS Public Relations, ACTI, NPL",BusAd
128,2015,Unlisted High School,Male,Mathematics,Online Application,Asian,n,4,0,0,1,0,0,0,4,0,0,1,0,0,0,0,4,0,0,1,0,0,55.2,294,0.812244898,7.6,0,3.8712,27.13986014,25.78417266,26.95683453,28.02158273,28.48920863,64068,0,1,0,0,n,y,Grad with GPA,3.337,"BA Economics, Accounting",
115,2016,Blue Springs High School,Female,Undecided,Online Application,White,n,1,0,0,0,0,0,0,1,0,0,0,0,0,0,0,5,0,0,0,1,0,45,569,0.920913884,8,33,4.05,32,27,32,36,35,4,0,0,1,0,n,y,Grad with GPA,3.353,BS Nursing,Spanish
144,2015,Liberty High School,Female,Elementary Education,College Fair/Program,White,n,1,0,0,0,0,0,0,1,0,0,0,1,1,0,0,4,0,0,1,0,0,141,472,0.701271186,8,23,3.61,23,23,24,24,27,90,0,0,0,0,n,y,Grad with GPA,3.374,BS Elem Ed,
103,2015,Rockwall Heath High School,Female,Nursing,Suspect Import - ACT EOS,White,n,1,0,0,0,0,0,0,1,0,0,0,0,0,0,0,5,0,0,0,1,0,120,509,0.764243615,8,51,4.03,27.13986014,25.78417266,26.95683453,28.02158273,28.48920863,10964,0,0,0,0,n,y,Grad with GPA,3.377,"BS Nursing, ACTI",
3,2015,Liberty North High School,Female,Chemistry,"Web, Create Account",Black,n,2,1,0,0,0,0,0,1,0,0,0,1,1,0,0,5,0,0,0,1,0,18,323,0.944272446,5,23,3.96,29,30,31,32,31,89,0,0,0,0,n,y,Grad with GPA,3.381,"BS Nursing, ACTI",
108,2016,Lees Summit Senior High School,Male,Economics,Referral - Tucker Leadership,,n,7,0,0,0,0,0,1,1,0,0,0,0,0,0,0,3,0,1,0,0,0,55.2,294,0.812244898,8,3,3.26,26,25.78417266,26.95683453,28.02158273,28.48920863,13,0,1,1,0,n,y,Grad with GPA,3.385,BA Political Sci,
6,2015,Odessa R-VII Senior HS,Male,Economics,College Fair/Program,White,n,1,0,0,0,0,0,0,1,0,0,0,0,0,0,0,4,0,0,1,0,0,36,164,0.780487805,8,3,3.72,22,23,24,19,25,57,0,1,0,0,n,y,Grad with GPA,3.387,"BA NPL, BusAd",
121,2015,Parkway South High School,Female,Undecided,Suspect Import - NRCCUA,White,n,1,0,0,0,0,0,0,1,0,0,0,2,0,1,0,4,0,0,1,0,0,71,394,0.819796954,6,8,3.94,26,26,28,23,30,1047,0,0,0,0,n,y,Grad with GPA,3.396,"BA Math, Sec Ed",
78,2015,Kearney R-I Senior High School,Female,Psychology,"Web, Create Account",White,n,1,0,0,0,0,0,0,1,0,0,0,0,0,0,0,3,0,1,0,0,0,122,291,0.580756014,8,18,3.55,28,26,24,32,33,8,0,0,0,0,n,y,Grad with GPA,3.408,BA Psychology,
70,2016,Hillsboro Senior High School,Female,Undecided,"Web, Create Account",White,n,1,0,0,0,0,0,0,1,0,0,0,0,0,0,0,3,0,1,0,0,0,55.2,294,0.812244898,8,9,3.92,24,23,23,25,27,1052,0,0,1,0,n,y,Grad with GPA,3.41,BA Psychological Science,
14,2016,Lees Summit North High School,Female,Nursing,Search - Nonresponder,White,n,1,0,0,0,0,0,0,1,0,0,0,0,0,0,0,5,0,0,0,1,0,80,421,0.809976247,8,15,3.87,24,22,23,25,28,18,0,0,1,0,n,y,Grad with GPA,3.429,BS Nursing,Music
99,2016,Liberty High School,Female,Business Administration,Test Score Import - ACT,White,n,1,0,0,0,0,0,0,1,0,0,0,0,0,0,0,5,0,0,0,1,0,144,422,0.658767773,8,0,3.58,21,23,22,21,25,90,0,0,1,0,n,y,Grad with GPA,3.434,"BS Nursing, ACTI",IHCM
205,2015,Lansing High School,Female,Psychology,Search - PSAT,,n,7,0,0,0,0,0,1,1,0,0,0,0,0,0,0,3,0,1,0,0,0,10,212,0.952830189,8,15,4.1,29,31,25,28,32,1980,0,0,0,0,n,y,Grad with GPA,3.44,BA Psychological Science,
109,2015,Platte County R-111 HS,Female,International Relations,Suspect Import - NRCCUA,White,n,1,0,0,0,0,0,0,1,0,0,0,0,0,0,0,5,0,0,0,1,0,55.2,294,0.812244898,7,20,4,26,22,31,26,31,11,0,0,0,0,n,y,Grad with GPA,3.449,"BS Nursing, ACTI",BusAd
69,2016,Lees Summit Senior High School,Male,Music-Performance,Search - Nonresponder,Hispanic,n,3,0,1,0,0,0,0,1,0,0,0,0,0,0,0,1,0,0,0,0,0,219,445,0.507865169,8,0,3.09,27,27,27,28,25,5,0,1,1,0,n,y,Grad with GPA,3.451,BS Music Vocal Performance,BusAd
63,2015,Manhattan High School,Female,English,Search - NRCCUA,White,n,1,0,0,0,0,0,0,1,0,0,0,0,0,0,0,4,0,0,1,0,0,107,397,0.730478589,9,9,3.82,28,28,27,31,29,2434,0,0,0,0,n,y,Grad with GPA,3.462,"BA NPL, English, ACTI",
31,2016,South Callaway R-II High School,Female,Biochemistry,Search - Nonresponder,White,n,1,0,0,0,0,0,0,1,0,0,0,0,0,0,0,2,1,0,0,0,0,1,70,0.985714286,8,41,4.13,31,31,30,34,30,991,0,0,1,0,n,y,Grad with GPA,3.468,BA BioChem,
227,2015,Metro Christian Academy,Female,English,Search - PSAT,White,n,1,0,0,0,0,0,0,2,0,1,0,0,0,0,0,1,0,0,0,0,0,55.2,96,0.425,8,8,4.18,30,26,27,34,34,10069,0,0,0,0,n,y,Grad with GPA,3.471,BA OX Literature & Theory,
21,2015,Camdenton R-III High School,Female,Theatre,Off Campus Recruiting Event,White,n,1,0,0,0,0,0,0,1,0,0,0,0,0,0,0,4,0,0,1,0,0,37,302,0.877483444,8,9,3.99,23,24,24,22,22,984,0,0,0,0,n,y,Grad with GPA,3.475,"BS BusAd,Comms",Econ
217,2015,Hillcrest High School,Male,Economics,Search - Nonresponder,White,n,1,0,0,0,0,0,0,1,0,0,0,0,0,0,0,1,0,0,0,0,0,1,227,0.995594714,8,26,4.99,31,30,28,36,32,1735,0,1,0,0,n,y,Grad with GPA,3.475,BA Ox Inst Policy,Comms
122,2016,Olathe East High School,Female,Political Science,Suspect Import - ACT EOS,Black,n,2,1,0,0,0,0,0,1,0,0,0,0,0,0,0,3,0,1,0,0,0,158,529,0.701323251,8,3,3.87,24,33,22,23,28,2145,0,0,1,0,n,y,Grad with GPA,3.485,BA Political Sci,
133,2015,Odessa R-VII Senior HS,Female,Mathematics,Online Application,White,n,1,0,0,0,0,0,0,1,0,0,0,0,0,0,0,2,1,0,0,0,0,50,173,0.710982659,8,11,3.69,21,23,20,19,22,8,0,0,0,0,n,y,Grad with GPA,3.489,BA Mathematics,
32,2016,Daniel Academy,Male,Oxbridge Open (officially accepted into the program),Online Application,White,n,1,0,0,0,0,0,0,2,0,1,0,1,1,0,0,1,0,0,0,0,0,12,17,0.294117647,8,0,3.21,36,23,22,34,34,63,0,1,1,0,n,y,Grad with GPA,3.492,"BA Oxbridge History of Ideas, Philosophy",
194,2016,Blue Springs South High School,Female,Nursing,Search - Nonresponder,White,n,1,0,0,0,0,0,0,1,0,0,0,0,0,0,0,5,0,0,0,1,0,95,493,0.807302231,8,16,3.95,20,18,21,20,20,54,0,0,1,0,n,y,Grad with GPA,3.498,BS Nursing,
236,2016,Soldan International Studies,Female,Biology,Search - NRCCUA,Black,n,2,1,0,0,0,0,0,2,0,1,0,0,0,0,0,2,1,0,0,0,0,5,140,0.964285714,8,4,3.74,28,25,28,30,32,956,0,0,1,0,n,y,Grad with GPA,3.498,BA Biology,
229,2015,Lutheran HS Saint Charles CTY,Female,Nonprofit Leadership,Online Application,White,n,1,0,0,0,0,0,0,2,0,1,0,0,0,0,0,4,0,0,1,0,0,55.2,294,0.812244898,5,0,2.69,28,26,26,28,33,692,0,0,0,0,n,y,Grad with GPA,3.503,"BA NPL, Comm, ACTI",
216,2016,Lyons High School,Female,Psychology,Search - Nonresponder,White,n,1,0,0,0,0,0,0,1,0,0,0,0,0,0,0,3,0,1,0,0,0,5,48,0.895833333,8,21,3.82,26,25,23,30,33,3486,0,0,1,0,n,y,Grad with GPA,3.51,BA Psychological Science,Comm
142,2016,Park Hill Senior High School,Male,Biochemistry,Search - Nonresponder,White,n,1,0,0,0,0,0,0,1,0,0,0,0,0,0,0,2,1,0,0,0,0,5,443,0.988713318,6,57,4.28,32,28,36,29,34,84,0,1,1,0,n,y,Grad with GPA,3.524,"BA Biochecmistry, PoliSci, ACTI",Arabic
167,2015,Winnetonka High School,Female,English,Suspect Import - ACT EOS,White,n,1,0,0,0,0,0,0,1,0,0,0,0,0,0,0,1,0,0,0,0,0,26,284,0.908450704,8,15,3.8,28,22,27,31,33,49,0,0,0,0,n,y,Grad with GPA,3.53,BA English,Comms
131,2016,Cor Jesu Academy,Female,Nursing,Search - Nonresponder,,n,7,0,0,0,0,0,1,2,0,1,0,0,0,0,0,5,0,0,0,1,0,55.2,161,0.657142857,8,27,3.64,32,26,32,35,35,929,0,0,1,0,n,y,Grad with GPA,3.531,"BS Nursing, ACTI",Theatre
83,2016,Kirksville Senior High School,Female,Nursing,Suspect Import - ACT EOS,White,n,1,0,0,0,0,0,0,1,0,0,0,0,0,0,0,5,0,0,0,1,0,43,169,0.74556213,8,21,3.78,21,17,22,22,23,567,0,0,1,0,n,y,Grad with GPA,3.532,BS Nursing,
127,2015,Unlisted Home School,Female,Speech/Theatre Education,Search - Nonresponder,2 or more,n,5,0,0,0,1,0,0,3,1,0,0,0,0,0,0,1,0,0,0,0,0,13,280,0.953571429,7.6,0,3.93,28,27,26,27,33,70,0,0,0,0,n,y,Grad with GPA,3.533,"BA Speech/Theatre Education, Sec Ed",
185,2016,Truman High School,Female,Nursing,Test Score Import - ACT,White,n,1,0,0,0,0,0,0,1,0,0,0,0,0,0,0,5,0,0,0,1,0,117,356,0.671348315,8,17,3.15,19,20,19,16,19,20,0,0,1,0,n,y,Grad with GPA,3.533,"BS Nursing, ACTI",IHCM
190,2016,Platte County R-111 HS,Male,Music-Performance,Search - Nonresponder,White,n,1,0,0,0,0,0,0,1,0,0,0,1,1,0,0,1,0,0,0,0,0,55.2,294,0.812244898,7,36,4.19,25,29,23,27,21,11,0,1,1,0,n,y,Grad with GPA,3.533,BS Music Vocal,Theatre
202,2015,Lawrence Free State HS,Female,Nursing,"Web, Create Account",White,n,1,0,0,0,0,0,0,1,0,0,0,0,0,0,0,5,0,0,0,1,0,104,357,0.708683473,8,8,3.7,22,20,21,29,20,1981,0,0,0,0,n,y,Grad with GPA,3.548,BS Nurising,
22,2015,Liberty High School,Male,Psychology,Jewell Journey Info Request,White,n,1,0,0,0,0,0,0,1,0,0,0,2,0,1,0,3,0,1,0,0,0,50,428,0.88317757,7,0,3.93,24,28,24,24,20,90,0,1,0,0,n,y,Grad with GPA,3.564,BA Psychology,
163,2016,Blue Valley Northwest HS,Female,Accounting,Test Score Import - ACT,White,n,1,0,0,0,0,0,0,1,0,0,0,1,1,0,0,4,0,0,1,0,0,240,392,0.387755102,8,8,3.44,27,29,30,29,25,2153,0,0,1,0,n,y,Grad with GPA,3.576,"BS Acctg, BusAd",
80,2015,Chillicothe High School,Female,Elementary Education,Online Application,White,n,1,0,0,0,0,0,0,1,0,0,0,0,0,0,0,4,0,0,1,0,0,32,126,0.746031746,10,22,3.67,24,20,23,23,31,533,0,0,0,0,n,y,Grad with GPA,3.59,"BA NPL, ACTI",
155,2015,Liberty North High School,Female,Music Education-Vocal,Web Create Account - Default Create Account Form,White,n,1,0,0,0,0,0,0,1,0,0,0,0,0,0,0,1,0,0,0,0,0,103,315,0.673015873,8,6,3.58,23,21,26,25,21,0,0,0,0,0,n,y,Grad with GPA,3.592,BA IDM,"Music, French"
95,2016,Central High School,Female,International Relations,Online Application,White,n,1,0,0,0,0,0,0,1,0,0,0,0,0,0,0,3,0,1,0,0,0,90,388,0.768041237,8,6,4.01,32,26,33,34,34,438,0,0,1,0,n,y,Grad with GPA,3.598,BA Intl Rel,
172,2015,Lawrence High School,Male,Accounting,"Web, Create Account",White,n,1,0,0,0,0,0,0,1,0,0,0,0,0,0,0,4,0,0,1,0,0,101,319,0.68338558,7,0,3.34,25,24,26,28,26,1979,0,1,0,0,n,y,Grad with GPA,3.598,BS Acctg,Econ
20,2016,Savannah R-III High School,Female,Nursing,Off Campus Recruiting Event,White,n,1,0,0,0,0,0,0,1,0,0,0,0,0,0,0,5,0,0,0,1,0,50,184,0.72826087,7,3,3.82,22,22,21,24,22,417,0,0,1,0,n,y,Grad with GPA,3.61,BS Nursing,
5,2016,Park Hill South High School,Female,Biology,Suspect Import - ACT EOS,White,n,1,0,0,0,0,0,0,1,0,0,0,0,0,0,0,4,0,0,1,0,0,150,370,0.594594595,4,8,3.31,28,23,27,23,31,84,0,0,1,0,n,y,Grad with GPA,3.611,BS Acctg,
196,2016,Liberty North High School,Male,Biochemistry,Boys State,White,n,1,0,0,0,0,0,0,1,0,0,0,0,0,0,0,2,1,0,0,0,0,60,390,0.846153846,8,22,3.83,26,30,28,25,23,8,0,1,1,0,n,y,Grad with GPA,3.612,BA Biochemistry,
221,2015,Central High School,Female,Philosophy,Suspect Import - NRCCUA,White,n,1,0,0,0,0,0,0,1,0,0,0,0,0,0,0,1,0,0,0,0,0,85,362,0.76519337,8,20,4.51,31,30,28,34,33,1736,0,0,0,0,n,y,Grad with GPA,3.62,"BA Ox History of Ideas, English",
168,2015,Blue Valley Southwest,Female,Psychology,Campus Visit Request,White,n,1,0,0,0,0,0,0,1,0,0,0,0,0,0,0,3,0,1,0,0,0,99,253,0.608695652,8,11,3.87,29,26,30,32,29,2142,0,0,0,0,n,y,Grad with GPA,3.621,"BA Intl Rel, Spanish",
215,2016,North Platte High School,Male,Chemistry,Search - Nonresponder,,n,7,0,0,0,0,0,1,1,0,0,0,0,0,0,0,4,0,0,1,0,0,10,65,0.846153846,8,23,4.04,33,33,32,34,32,50,0,1,1,0,n,y,Grad with GPA,3.622,"BA Economics, Acctg",
165,2015,MCKINNEY BOYD HIGH SCHOOL,Female,Biochemistry,Search - PSAT,White,n,1,0,0,0,0,0,0,1,0,0,0,0,0,0,0,3,0,1,0,0,0,50,710,0.929577465,8,12,4.13,33,29,28,29,32,11010,0,0,0,0,n,y,Grad with GPA,3.625,"BA Psychological Science, Music, Mathematics",
171,2015,Lawson R-XIV High School,Male,Business Administration,College Fair/Program,White,n,1,0,0,0,0,0,0,1,0,0,0,2,0,1,0,4,0,0,1,0,0,16,103,0.844660194,8,15,4.08,27,29,27,25,28,6,0,1,0,0,n,y,Grad with GPA,3.636,BS BusAd,"Relig Studies, Comms"
88,2016,WARRIOR RUN HIGH SCHOOL,Female,History,Referral - Alumni,White,n,1,0,0,0,0,0,0,1,0,0,0,3,0,0,1,1,0,0,0,0,0,9,108,0.916666667,8,15,3.9,27.13986014,25.78417266,26.95683453,28.02158273,28.48920863,46291,0,0,1,0,n,y,Grad with GPA,3.638,BA Ox History,Classics/Latin
136,2015,Oklahoma Christian School,Female,English,Online Event Registration,White,y,1,0,0,0,0,0,0,2,0,1,0,0,0,0,0,1,0,0,0,0,0,1,66,0.984848485,8,9,4,33,29,30,35,36,8966,1,0,0,0,n,y,Grad with GPA,3.64,BA Ox Literature,
184,2016,Liberty High School,Female,Undecided,Suspect Import - ACT EOS,Black,n,2,1,0,0,0,0,0,1,0,0,0,0,0,0,0,3,0,1,0,0,0,139,414,0.664251208,8,0,3.6,26,26,24,30,24,0,0,0,1,0,n,y,Grad with GPA,3.64,BA Psychological Science,
162,2016,Piper High School,Female,Communication,Search - Nonresponder,White,n,1,0,0,0,0,0,0,1,0,0,0,0,0,0,0,4,0,0,1,0,0,22,126,0.825396825,8,0,3.98,26,23,26,27,32,2041,0,0,1,0,n,y,Grad with GPA,3.649,"BA NPL, Comms, ACTI",
149,2016,Lutheran High School South,Female,Nursing,Search - Nonresponder,White,n,1,0,0,0,0,0,0,2,0,1,0,0,0,0,0,5,0,0,0,1,0,9,108,0.916666667,8,34,4,28,27,26,28,30,940,0,0,1,0,n,y,Grad with GPA,3.656,BS Nursing,
40,2016,Blue Valley West High School,Female,Nursing,Suspect Import - ACT EOS,White,n,1,0,0,0,0,0,0,1,0,0,0,0,0,0,0,5,0,0,0,1,0,55.2,294,0.812244898,6,7,3.98,24,23,23,26,23,2155,0,0,1,0,n,y,Grad with GPA,3.659,BS Nursing,
16,2016,Camdenton R-III High School,Female,Mathematics,Search - Nonresponder,White,n,1,0,0,0,0,0,0,1,0,0,0,0,0,0,0,4,0,0,1,0,0,5,280,0.982142857,8,4,4.36,28,30,30,25,27,997,0,0,1,0,n,y,Grad with GPA,3.664,"BA Econ, Math, ACTU",
1,2015,Fort Osage High School,Female,Business Administration,Search - Nonresponder,White,n,1,0,0,0,0,0,0,1,0,0,0,0,0,0,0,4,0,0,1,0,0,4,309,0.987055016,4,44,4.16,29,28,30,26,32,12,0,0,0,0,n,y,Grad with GPA,3.681,BS Acctg + ACTI,French
18,2015,School of the Osage HS,Male,Accounting,Search - Nonresponder,White,n,1,0,0,0,0,0,0,1,0,0,0,0,0,0,0,4,0,0,1,0,0,14,118,0.881355932,9,34,3.92,29,26,29,30,34,981,0,1,0,0,n,y,Grad with GPA,3.681,"BS Acctg, Spanish, ACTI",
58,2016,Odessa R-VII Senior HS,Female,Elementary Education,Online Event Registration,White,n,1,0,0,0,0,0,0,1,0,0,0,0,0,0,0,4,0,0,1,0,0,4,143,0.972027972,8,11,3.79,25,23,21,24,33,0,0,0,1,0,n,y,Grad with GPA,3.687,BS Elem Ed,
193,2016,Johnston High School,Female,Political Science,Suspect Import - ACT EOS,White,n,1,0,0,0,0,0,0,1,0,0,0,2,0,1,0,1,0,0,0,0,0,43,484,0.911157025,4,30,4,32,28,33,35,32,13746,0,0,1,0,n,y,Grad with GPA,3.691,"BA Ox Inst Policy, Spanish",
148,2016,Marshall High School,Female,Psychology,Search - Nonresponder,,n,7,0,0,0,0,0,1,1,0,0,0,0,0,0,0,3,0,1,0,0,0,12,213,0.943661972,7,26,3.93,25,22,25,24,30,1272,0,0,1,0,n,y,Grad with GPA,3.699,BA Intl Rel,NPL
177,2015,Father Tolton Catholic High Sc,Female,Nursing,Campus Visit Request,White,n,1,0,0,0,0,0,0,2,0,1,0,0,0,0,0,5,0,0,0,1,0,55.2,294,0.812244898,8,0,3.96,23,22,23,24,22,1133,0,0,0,0,n,y,Grad with GPA,3.701,BS Nursing,
10,2016,Bonner Springs High School,Female,Political Science,Campus Visit Request,White,n,1,0,0,0,0,0,0,1,0,0,0,0,0,0,0,3,0,1,0,0,0,1,181,0.994475138,12,20,4,28,22,29,31,29,1944,0,0,1,0,n,y,Grad with GPA,3.702,"BA Psychology, ACTI",Communications
159,2016,Marshall High School,Female,Nursing,Search - Nonresponder,White,n,1,0,0,0,0,0,0,1,0,0,0,0,0,0,0,5,0,0,0,1,0,20,213,0.906103286,8,28,3.85,20,18,19,21,23,1272,0,0,1,0,n,y,Grad with GPA,3.702,"BS Nursing, ACTI",
81,2015,Cameron R-I High School,Female,Biology,Online Application,White,n,1,0,0,0,0,0,0,1,0,0,0,0,0,0,0,5,0,0,0,1,0,7,117,0.94017094,8,26,3.94,22,25,22,20,20,361,0,0,0,0,n,y,Grad with GPA,3.703,"BS Nursing, ACTI",
120,2016,Archbishop O'Hara High School,Female,Nursing,Campus Visit Request,White,n,1,0,0,0,0,0,0,2,0,1,0,0,0,0,0,5,0,0,0,1,0,55.2,294,0.812244898,8,3,3.89,24,24,23,23,26,13,0,0,1,0,n,y,Grad with GPA,3.711,BS Nursing,
224,2015,Unlisted High School,Female,Undecided,Online Application,White,n,1,0,0,0,0,0,0,4,0,0,1,0,0,0,0,4,0,0,1,0,0,55.2,294,0.812244898,7.6,0,3.5,26,25.78417266,26.95683453,28.02158273,28.48920863,64068,0,0,0,0,n,y,Grad with GPA,3.711,"BA Economics, Math",
118,2016,Marquette High School,Female,Nonprofit Leadership,Search - Nonresponder,White,n,1,0,0,0,0,0,0,1,0,0,0,0,0,0,0,4,0,0,1,0,0,55.2,294,0.812244898,6,24,4.13,27,30,30,27,28,1047,0,0,1,0,n,y,Grad with GPA,3.715,"BA NPL, Spanish",
152,2016,Liberty North High School,Female,Mathematics,Search - Nonresponder,,n,7,0,0,0,0,0,1,1,0,0,0,0,0,0,0,4,0,0,1,0,0,1,390,0.997435897,6,24,4,33,31,35,34,33,0,0,0,1,0,n,y,Grad with GPA,3.716,"BA Economic, Philosophy",Spanish
86,2015,Marshall High School,Female,Nursing,Campus Visit Request,White,n,1,0,0,0,0,0,0,1,0,0,0,1,1,0,0,5,0,0,0,1,0,16,179,0.910614525,8,23,3.86,25,26,26,26,23,1272,0,0,0,0,n,y,Grad with GPA,3.719,"BS Nursing, ACTI",
160,2016,Olathe North High School,Female,English,College Fair/Program,White,n,1,0,0,0,0,0,0,1,0,0,0,0,0,0,0,1,0,0,0,0,0,91,558,0.836917563,8,10,4.21,27.13986014,25.78417266,26.95683453,28.02158273,28.48920863,2145,0,0,1,0,n,y,Grad with GPA,3.731,BA Ox Lit & Theory,
85,2015,Liberty High School,Female,Biology,College Fair/Program,White,n,1,0,0,0,0,0,0,1,0,0,0,0,0,0,0,1,0,0,0,0,0,1,428,0.997663551,8,12,4,31,27,28,35,36,90,0,0,0,0,n,y,Grad with GPA,3.735,"BA Ox Sci MoleBio, ACTI",
140,2015,Lebanon High School,Female,International Relations,"Web, Create Account",White,n,1,0,0,0,0,0,0,1,0,0,0,0,0,0,0,3,0,1,0,0,0,17,294,0.942176871,8,12,3.93,27,25,29,27,29,1468,0,0,0,0,n,y,Grad with GPA,3.736,"BA Intl Rel, French, ACTI",History
218,2015,Pittsburg High School,Female,Political Science,College Fair/Program,White,n,1,0,0,0,0,0,0,1,0,0,0,0,0,0,0,3,0,1,0,0,0,19,182,0.895604396,8,10,3.98,26,23,24,28,30,2694,0,0,0,0,n,y,Grad with GPA,3.743,"BA Political Sci, Comms",
147,2016,Unlisted Home School,Female,Psychology,Campus Visit Request,White,n,1,0,0,0,0,0,0,3,1,0,0,0,0,0,0,1,0,0,0,0,0,55.2,294,0.812244898,8,0,4,18,18,16,22,18,89,0,0,1,0,n,y,Grad with GPA,3.745,"BS Music Theory/Composition, Psychology",
87,2015,Pittsburg High School,Male,Political Science,College Fair/Program,White,n,1,0,0,0,0,0,0,1,0,0,0,0,0,0,0,3,0,1,0,0,0,11,181,0.939226519,8,21,4.05,28,25,24,32,32,2694,0,1,0,0,n,y,Grad with GPA,3.753,BA Pol Sci / Intl Rel,
176,2015,Kapaun Mt Carmel Catholic HS,Female,Music-Performance,Search - Nonresponder,White,n,1,0,0,0,0,0,0,2,0,1,0,0,0,0,0,1,0,0,0,0,0,25,201,0.875621891,8,16,4.1,31,26,32,35,34,3162,0,0,0,0,n,y,Grad with GPA,3.779,BS Music,
45,2015,Richmond R-XVI High School, ,Music - BA,Referral - Faculty,,y,7,0,0,0,0,0,1,1,0,0,0,1,1,0,0,1,0,0,0,0,0,3,110,0.972727273,8,24,4.15,33,28,36,35,34,42,1,0,0,0,n,y,Grad with GPA,3.781,"BA Ox Music, Philosophy",
156,2016,Liberty North High School,Female,History,Test Score Import - ACT,White,n,1,0,0,0,0,0,0,1,0,0,0,1,1,0,0,3,0,1,0,0,0,57,390,0.853846154,7,21,3.88,28,26,31,34,26,0,0,0,1,0,n,y,Grad with GPA,3.789,BA History,
199,2015,Truman High School,Female,Elementary Education,Suspect Import - NRCCUA,,n,7,0,0,0,0,0,1,1,0,0,0,0,0,0,0,4,0,0,1,0,0,55.2,294,0.812244898,7.6,20,4.21,25,25.78417266,26.95683453,28.02158273,28.48920863,13,0,0,0,0,n,y,Grad with GPA,3.792,BS Elem Ed,History
2,2015,Unlisted Home School,Female,Physics,Campus Visit Request,White,n,1,0,0,0,0,0,0,3,1,0,0,2,0,1,0,1,0,0,0,0,0,55.2,294,0.812244898,4,6,4.01,34,34,32,35,34,18,0,0,0,0,n,y,Grad with GPA,3.795,"BA Oxb History of Ideas, Physics, ACTI",
106,2016,Olathe South High School,Female,English,Search - NRCCUA,White,n,1,0,0,0,0,0,0,1,0,0,0,0,0,0,0,1,0,0,0,0,0,37,485,0.92371134,8,21,4.18,30,26,28,31,35,1994,0,0,1,0,n,y,Grad with GPA,3.811,BA Ox Literature & Theory,Studio Art
42,2016,Central High School,Male,Political Science,Inquiry Generation - Cappex,White,n,1,0,0,0,0,0,0,1,0,0,0,0,0,0,0,1,0,0,0,0,0,45,388,0.884020619,8,21,4.36,31,29,31,32,31,435,0,1,1,0,n,y,Grad with GPA,3.812,"BA Ox Institutions / Policy, ACTI",
61,2016,Liberty North High School,Male,Physics,Referral - Student,White,n,1,0,0,0,0,0,0,1,0,0,0,3,0,0,1,4,0,0,1,0,0,1,390,0.997435897,8,40,4,32,31,34,33,33,0,0,1,1,0,n,y,Grad with GPA,3.813,"BA Physics, Economics",Math
113,2016,Piper High School,Female,Undecided,Search - Nonresponder,White,n,1,0,0,0,0,0,0,1,0,0,0,2,0,1,0,2,1,0,0,0,0,4,118,0.966101695,8,19,4.22,31,30,31,35,31,2041,0,0,1,0,n,y,Grad with GPA,3.817,BA Biology,
19,2015,Oklahoma Christian School,Female,English,College Fair/Program,White,n,1,0,0,0,0,0,0,2,0,1,0,0,0,0,0,3,0,1,0,0,0,1,66,0.984848485,8,6,4,30,26,28,33,34,8939,0,0,0,0,n,y,Grad with GPA,3.818,"BA History, English",
134,2015,Wichita High School East,Female,Biology,Suspect Import - ACT EOS,White,n,1,0,0,0,0,0,0,1,0,0,0,0,0,0,0,1,0,0,0,0,0,33,519,0.936416185,8,38,3.86,32,29,33,32,32,3151,0,0,0,0,n,y,Grad with GPA,3.822,BA Ox Sci Mole Bio,
175,2015,Unlisted High School,Female,International Relations,Application Import,,n,7,0,0,0,0,0,1,4,0,0,1,0,0,0,0,1,0,0,0,0,0,1,173,0.994219653,7.6,4.5,3.8712,27.13986014,25.78417266,26.95683453,28.02158273,28.48920863,64068,0,0,0,0,n,y,Grad with GPA,3.825,"Ox History of Ideas, Intl Rel",
210,2016,Carl Junction R-I High School,Female,Psychology,Suspect Import - ACT EOS,White,n,1,0,0,0,0,0,0,1,0,0,0,0,0,0,0,3,0,1,0,0,0,29,244,0.881147541,8,40,3.91,27,27,26,27,28,766,0,0,1,0,n,y,Grad with GPA,3.85,BA Psychological Sci,IHCM
65,2015,Central High School,Female,Music-Performance,College Fair/Program,White,n,1,0,0,0,0,0,0,1,0,0,0,0,0,0,0,1,0,0,0,0,0,29,362,0.919889503,8,35,3.96,31,27,29,33,34,1741,0,0,0,0,n,y,Grad with GPA,3.851,BS Music Performance,
94,2016,Fort Zumwalt West High School,Male,Political Science,Suspect Import - ACT EOS,White,n,1,0,0,0,0,0,0,1,0,0,0,0,0,0,0,1,0,0,0,0,0,1,81,0.987654321,8,41,4.51,34,34,35,33,34,700,0,1,1,0,n,y,Grad with GPA,3.853,"BA Ox Inst/Policy, Economics, ACTI",
79,2016,Lutheran HS Saint Charles CTY,Female,Nonprofit Leadership,College Visit,,n,7,0,0,0,0,0,1,2,0,1,0,0,0,0,0,4,0,0,1,0,0,55.2,294,0.812244898,6,18,3.83,28,25,27,30,30,767,0,0,1,0,n,y,Grad with GPA,3.854,"BA NPL, ACTI","BusAd, Spanish"
59,2016,Harrisonville Senior HS,Male,International Relations,Search - Nonresponder,White,n,1,0,0,0,0,0,0,1,0,0,0,0,0,0,0,1,0,0,0,0,0,6,253,0.976284585,8,17,4.16,34,33,36,32,35,633,0,1,1,0,n,y,Grad with GPA,3.866,"BA Ox Institutional Policy, Economics",
201,2015,Truman High School,Female,Music Education-Vocal,College Fair/Program,White,n,1,0,0,0,0,0,0,1,0,0,0,0,0,0,0,4,0,0,1,0,0,33,376,0.912234043,8,21,3.88,23,17,23,23,28,13,0,0,0,0,n,y,Grad with GPA,3.87,"BS Music Ed, Sec Ed",
245,2016,Liberty North High School,Male,English,Off Campus Recruiting Event,White,n,1,0,0,0,0,0,0,1,0,0,0,0,0,0,0,1,0,0,0,0,0,29,390,0.925641026,8,3,3.96,32,27,31,36,35,0,0,1,1,0,n,y,Grad with GPA,3.876,BA OX Literature & Theory,
117,2015,Liberty North High School,Female,Business Administration,Jewell Journey Info Request,,n,7,0,0,0,0,0,1,1,0,0,0,1,1,0,0,5,0,0,0,1,0,21,323,0.93498452,8,13,3.95,26,26,26,26,31,0,0,0,0,0,n,y,Grad with GPA,3.877,"BS Nursing, ACTI",
4,2016,Unlisted High School,Female,Self-Designed,Suspect Import - College Board,NRA,n,6,0,0,0,0,1,0,4,0,0,1,0,0,0,0,2,1,0,0,0,0,55.2,294,0.812244898,3,31,3.92,27.13986014,25.78417266,26.95683453,28.02158273,28.48920863,64068,0,0,1,0,n,y,Grad with GPA,3.878,"BA Chemistry, Communications",
116,2015,Lees Summit West High School,Female,Music Education-Vocal,Suspect Import - ACT EOS,White,n,1,0,0,0,0,0,0,1,0,0,0,0,0,0,0,1,0,0,0,0,0,18,417,0.956834532,8,33,4.19,33,30,32,33,36,14,0,0,0,0,n,y,Grad with GPA,3.878,BA Ox Music,
15,2015,South Holt R-I High School,Female,Nursing,Suspect Import - NRCCUA,White,n,1,0,0,0,0,0,0,1,0,0,0,0,0,0,0,5,0,0,0,1,0,1,9,0.888888889,4,19,3.98,26,24,26,26,28,383,0,0,0,0,n,y,Grad with GPA,3.895,"BS Nursing, ACTI",
75,2016,Holy Family High School,Female,Undecided,Suspect Import - ACT EOS,White,n,1,0,0,0,0,0,0,2,0,1,0,0,0,0,0,1,0,0,0,0,0,5,160,0.96875,8,34,4.29,34,34,30,35,35,15955,0,0,1,0,n,y,Grad with GPA,3.897,"BA Ox Sci Molecular Bio, ACTI",
191,2015,Liberty North High School,Female,English,Test Score Import - ACT,White,n,1,0,0,0,0,0,0,1,0,0,0,0,0,0,0,1,0,0,0,0,0,1,323,0.996904025,8,16,4,32,26,34,35,32,89,0,0,0,0,n,y,Grad with GPA,3.899,BA English,Music
67,2016,Daniel Academy,Female,International Relations,Campus Visit Request,White,n,1,0,0,0,0,0,0,2,0,1,0,0,0,0,0,1,0,0,0,0,0,1,19,0.947368421,8,0,4,32,30,33,33,32,56,0,0,1,0,n,y,Grad with GPA,3.917,BA Ox Institutional Policy Intl Rel,
135,2016,Republic High School,Male,Biology,Suspect Import - ACT EOS,White,n,1,0,0,0,0,0,0,1,0,0,0,0,0,0,0,1,0,0,0,0,0,9,300,0.97,8,14,4.38,34,32,35,35,34,1734,0,1,1,0,n,y,Grad with GPA,3.919,"BA Ox Sci Mole Bio, ACTI",
51,2015,Lees Summit North High School,Female,Political Science,Suspect Import - NRCCUA,Asian,n,4,0,0,1,0,0,0,1,0,0,0,0,0,0,0,3,0,1,0,0,0,8,453,0.982339956,8,15,4.33,31,34,27,35,32,18,0,0,0,0,n,y,Grad with GPA,3.926,"BA Political Science, History",
54,2015,Pembroke Hill School,Female,Biochemistry,Referral - Faculty,White,n,1,0,0,0,0,0,0,1,0,0,0,0,0,0,0,1,0,0,0,0,0,55.2,93,0.406451613,8,25,4.16,33,32,35,32,33,0,0,0,0,0,n,y,Grad with GPA,3.93,"BA Ox Science Molec Bio, ACTI",
34,2015,Unlisted Home School,Male,Political Science,Search - Nonresponder,,n,7,0,0,0,0,0,1,3,1,0,0,0,0,0,0,1,0,0,0,0,0,55.2,294,0.812244898,5,0,4.21,35,34,36,34,34,1736,0,1,0,0,n,y,Grad with GPA,3.934,"BA Ox: Institutions/Policy, International Relations",
27,2016,Liberty High School,Female,Biology,Search - ACT Plan,White,n,1,0,0,0,0,0,0,1,0,0,0,0,0,0,0,1,0,0,0,0,0,74,406,0.81773399,8,17,3.81,29,25,25,36,31,0,0,0,1,0,n,y,Grad with GPA,3.94,"BA English,IDM",
208,2015,Olathe East High School,Female,Nonprofit Leadership,Campus Visit Request,,n,7,0,0,0,0,0,1,1,0,0,0,0,0,0,0,4,0,0,1,0,0,31,475,0.934736842,8,36,4.4,30,29,32,32,32,2142,0,0,0,0,n,y,Grad with GPA,3.95,"BS Elem Ed, ACTI",NPL
138,2016,Lees Summit Senior High School,Female,Music - BA,Suspect Import - ACT EOS,White,n,1,0,0,0,0,0,0,1,0,0,0,0,0,0,0,1,0,0,0,0,0,12,445,0.973033708,8,17,4.34,29,29,26,33,33,5,0,0,1,0,n,y,Grad with GPA,3.953,"Ox Music, Psych Sci",
73,2016,Miami High School,Male,Business Administration,Search - Nonresponder,White,n,1,0,0,0,0,0,0,1,0,0,0,0,0,0,0,4,0,0,1,0,0,1,139,0.992805755,8,17,4.49,30,26,27,35,30,10286,0,1,1,0,n,y,Grad with GPA,3.955,"BS Acctg, Economics",
186,2016,Liberty High School,Female,Biology,Search - Nonresponder,White,n,1,0,0,0,0,0,0,1,0,0,0,0,0,0,0,2,1,0,0,0,0,1,422,0.997630332,8,25,4,31,28,32,32,33,90,0,0,1,0,n,y,Grad with GPA,3.965,"BA Biochemistry, ACTI",
169,2016,Daniel Academy,Female,English,Suspect Import - ACT EOS,White,n,1,0,0,0,0,0,0,2,0,1,0,0,0,0,0,1,0,0,0,0,0,2,19,0.894736842,8,9,3.96,34,28,33,35,30,2155,0,0,1,0,n,y,Grad with GPA,3.98,"BA Ox Lit & Theory, Physics, ACTI",
92,2015,Lathrop High School,Female,Political Science,College Fair/Program,White,n,1,0,0,0,0,0,0,1,0,0,0,1,1,0,0,3,0,1,0,0,0,3,62,0.951612903,8,12,3.96,25,25,23,23,27,397,0,0,0,0,n,y,Grad with GPA,3.981,BA Political Sci,
17,2015,Liberty High School,Female,Elementary Education,"Web, Create Account",,n,7,0,0,0,0,0,1,1,0,0,0,0,0,0,0,4,0,0,1,0,0,104,428,0.757009346,4,8,3.75,21,23,21,23,22,0,0,0,0,0,n,y,Grad with GPA,3.991,BS Elementary Education,History
66,2015,Blue Valley West High School,Female,Business Administration,Online Event Registration,,n,7,0,0,0,0,0,1,1,0,0,0,0,0,0,0,4,0,0,1,0,0,22,310,0.929032258,8,24,4.36,29,29,29,28,29,2155,0,0,0,0,n,y,Grad with GPA,3.992,"BS Bus Ad, Econ, NPL",Spanish
41,2016,Father Tolton Catholic High Sc,Male,Music-Performance,Suspect Import - ACT EOS,White,y,1,0,0,0,0,0,0,2,0,1,0,0,0,0,0,1,0,0,0,0,0,55.2,294,0.812244898,8,36,4.06,34,32,35,36,34,1135,1,1,1,0,n,y,Grad with GPA,4,BA Ox Institutions / Policy,"Math, Music"
157,2016,Lebanon High School,Female,Biology,Suspect Import - ACT EOS,White,n,1,0,0,0,0,0,0,1,0,0,0,0,0,0,0,2,1,0,0,0,0,2,362,0.994475138,8,10,4.18,29,28,28,29,33,1654,0,0,1,0,n,y,Grad with GPA,4,BA Biology,"PreMed, Classical Hum"
158,2015,Staley High School,Male,Mathematics,Application Import,,n,7,0,0,0,0,0,1,1,0,0,0,0,0,0,0,2,1,0,0,0,0,19,306,0.937908497,8,30,4.28,32,36,32,32,28,87,0,1,0,0,n,y,Grad with GPA,4,"BA Mathematics, ACTI",Physics
151,2016,Platte County R-111 HS,Female,Business Administration,Suspect Import - ACT EOS,White,n,1,0,0,0,0,0,0,1,0,0,0,0,0,0,0,4,0,0,1,0,0,104.3529412,315.7058824,0.669461524,7,3,3.33,22,21,21,23,23,86,0,0,1,1,y,y,"Didn't Graduate, but has GPA",1.642,,
119,2016,BUENA HIGH SCHOOL,Male,Business Administration,Campus Visit Request,White,n,1,0,0,0,0,0,0,1,0,0,0,0,0,0,0,4,0,0,1,0,0,148,514,0.712062257,8,7.571428571,3.32,24,25,24,25,23,21582,0,1,1,1,y,y,"Didn't Graduate, but has GPA",1.813,,
71,2015,Liberty High School,Female,Accounting,Search - Nonresponder,White,n,1,0,0,0,0,0,0,1,0,0,0,0,0,0,0,4,0,0,1,0,0,231,419,0.448687351,8,20,3.2,32,27,32,35,33,89,0,0,0,1,y,y,"Didn't Graduate, but has GPA",2.292,,
114,2016,Olathe East High School,Female,Theatre,Search - Nonresponder,White,n,1,0,0,0,0,0,0,1,0,0,0,0,0,0,0,1,0,0,0,0,0,194,532,0.635338346,8,3,3.68,14,15,16,14,12,2145,0,0,1,1,y,y,"Didn't Graduate, but has GPA",2.455,,
25,2015,Palmyra R-I High School,Female,Self-Designed,Search - NRCCUA,White,n,1,0,0,0,0,0,0,1,0,0,0,0,0,0,0,6,0,0,0,0,1,28,85,0.670588235,9,3,3.48,22,18,24,22,23,607,0,0,0,1,y,y,"Didn't Graduate, but has GPA",2.471,,
174,2016,Cameron R-I High School,Male,Business Administration,Online Application,White,n,1,0,0,0,0,0,0,1,0,0,0,0,0,0,0,4,0,0,1,0,0,63,120,0.475,8,0,3.22,20,17,22,21,19,361,0,1,1,1,y,y,"Didn't Graduate, but has GPA",2.511,,
161,2015,Lees Summit North High School,Male,International Relations,FAFSA,White,n,1,0,0,0,0,0,0,1,0,0,0,0,0,0,0,3,0,1,0,0,0,258,441,0.414965986,6,0,3.06,28,25,31,29,32,18,0,1,0,1,y,y,"Didn't Graduate, but has GPA",2.582,,
222,2016,Excelsior Springs High School,Female,Music Education-Vocal,Referral - Tucker Leadership,White,n,1,0,0,0,0,0,0,1,0,0,0,1,1,0,0,1,0,0,0,0,0,4,179,0.977653631,8,3,3.94,34,27,28,29,28,44,0,0,1,1,y,y,"Didn't Graduate, but has GPA",2.652,,
55,2015,Liberty High School,Male,Mathematics,Test Score Import - ACT,White,n,1,0,0,0,0,0,0,1,0,0,0,0,0,0,0,2,1,0,0,0,0,260,406,0.359605911,6,0,3.02,18,18,20,16,17,0,0,1,0,1,y,y,"Didn't Graduate, but has GPA",2.721,,
225,2016,Park Hill Senior High School,Male,Music Education,Suspect Import - ACT EOS,White,n,1,0,0,0,0,0,0,1,0,0,0,0,0,0,0,1,0,0,0,0,0,184,424,0.566037736,8,21,3.2,31,28,30,27,33,85,0,1,1,1,y,y,"Didn't Graduate, but has GPA",2.88,,
187,2016,ALL SAINTS EPISCOPAL SCHOOL,Female,Nursing,College Fair/Program,2 or more,n,5,0,0,0,1,0,0,2,0,1,0,0,0,0,0,5,0,0,0,1,0,104.3529412,315.7058824,0.669461524,8,4,3.54,23,21,25,24,23,12019,0,0,1,1,y,y,"Didn't Graduate, but has GPA",2.959,,
12,2016,Richmond R-XVI High School,Male,Civil Engineering,Search - Nonresponder,White,n,1,0,0,0,0,0,0,1,0,0,0,0,0,0,0,4,0,0,1,0,0,4,87,0.954022989,6,9,4.14,28,26,28,26,32,17,0,1,1,1,y,y,"Didn't Graduate, but has GPA",2.963,,
203,2016,Blue Valley North High School,Male,Music Education-Vocal,Campus Visit Request,White,n,1,0,0,0,0,0,0,1,0,0,0,2,0,1,0,1,0,0,0,0,0,238,357,0.333333333,8,0,3.26,30,26,26,32,35,2155,0,1,1,1,y,y,"Didn't Graduate, but has GPA",2.972,,
30,2016,Hillsboro Senior High School,Female,Communication,Search - Nonresponder,White,n,1,0,0,0,0,0,0,1,0,0,0,0,0,0,0,3,0,1,0,0,0,104.3529412,315.7058824,0.669461524,4,18,3.431,33,25,34,35,36,1018,0,0,1,1,y,y,"Didn't Graduate, but has GPA",3.029,,
11,2016,Park Hill South High School,Male,Accounting,Online Application,White,n,1,0,0,0,0,0,0,1,0,0,0,2,0,1,0,4,0,0,1,0,0,104.3529412,315.7058824,0.669461524,2,9,1.79,23,24,25,21,21,84,0,1,1,1,y,y,"Didn't Graduate, but has GPA",3.112,,
84,2016,Spring Hill High School,Male,Undecided,Search - NRCCUA,White,n,1,0,0,0,0,0,0,1,0,0,0,0,0,0,0,6,0,0,0,0,1,77,161,0.52173913,8,6,3.2,28,22,29,27,34,2015,0,1,1,1,y,y,"Didn't Graduate, but has GPA",3.203,,
183,2016,Lees Summit North High School,Female,Music-Performance,Search - Nonresponder,2 or more,n,5,0,0,0,1,0,0,1,0,0,0,0,0,0,0,1,0,0,0,0,0,221,438,0.49543379,8,0,3.23,28,25,30,30,28,18,0,0,1,1,y,y,"Didn't Graduate, but has GPA",3.209,,
82,2015,Unlisted High School,Male,Business Administration,"Web, Create Account",NRA,n,6,0,0,0,0,1,0,4,0,0,1,0,0,0,0,4,0,0,1,0,0,104.3529412,315.7058824,0.669461524,7.78,7.571428571,3.57,25.47,23.3,25.1,26.3,26.5,64068,0,1,0,1,y,y,"Didn't Graduate, but has GPA",3.23,,
57,2016,Shawnee Mission Northwest HS,Female,Nursing,Suspect Import - ACT EOS,White,n,1,0,0,0,0,0,0,1,0,0,0,0,0,0,0,5,0,0,0,1,0,104.3529412,315.7058824,0.669461524,8,4,4.78,31,28,28,35,32,2148,0,0,1,1,y,y,"Didn't Graduate, but has GPA",3.266,Nursing,
234,2016,Park Hill Senior High School,Female,Nursing,"Web, Create Account",White,n,1,0,0,0,0,0,0,1,0,0,0,0,0,0,0,5,0,0,0,1,0,279,424,0.341981132,7,3,2.77,23,17,20,25,30,83,0,0,1,1,y,y,"Didn't Graduate, but has GPA",3.491,,
68,2015,Blue Valley West High School,Female,Psychology,College Fair/Program,White,n,1,0,0,0,0,0,0,1,0,0,0,0,0,0,0,3,0,1,0,0,0,34,310,0.890322581,8,8,4.27,30,27,28,34,32,2153,0,0,0,1,y,y,"Didn't Graduate, but has GPA",3.79,,
7,2016,Washington High School,Female,Nursing,Test Score Import - ACT,White, n,1,0,0,0,0,0,0,1,0,0,0,0,0,0,0,5,0,0,0,1,0,78,399,0.804511278,8,9,3.67,21,22,18,24,21,978,0,0,1,1,y,,No GPA on record,,,
9,2016,Wyandotte High School,Female,Business Administration,Suspect Import - ACT EOS,Hispanic,n,3,0,1,0,0,0,0,1,0,0,0,0,0,0,0,4,0,0,1,0,0,66,278,0.762589928,4,0,3.2,22,17,21,24,27,2036,0,0,1,1,y,,No GPA on record,,,
13,2016,Kansas City Christian School,Male,Biology,Suspect Import - ACT EOS,White,n,1,0,0,0,0,0,0,2,0,1,0,0,0,0,0,2,1,0,0,0,0,104.3529412,315.7058824,0.669461524,7,6,3.75,26,25,24,29,30,1962,0,1,1,1,y,,No GPA on record,,,
23,2016,Maysville R-I High School,Female,Communication,Search - Nonresponder,White,n,1,0,0,0,0,0,0,1,0,0,0,0,0,0,0,3,0,1,0,0,0,22,48,0.541666667,8,9,3.23,26,21,25,27,31,401,0,0,1,1,y,,No GPA on record,,,
29,2015,Park Hill South High School,Male,Nursing,Suspect Import - NRCCUA,NRA,n,6,0,0,0,0,1,0,1,0,0,0,0,0,0,0,5,0,0,0,1,0,173,359,0.51810585,18,7.571428571,3.34,25,28,26,25,21,82,0,1,0,1,y,,No GPA on record,,,
35,2015,Blue Springs South High School,Male,Undecided,College Fair/Program,White,n,1,0,0,0,0,0,0,1,0,0,0,0,0,0,0,6,0,0,0,0,1,54,527,0.897533207,7.78,7.571428571,4.07,33,29,34,36,33,4,0,1,0,1,y,,No GPA on record,,,
38,2016,Kearney R-I Senior High School,Female,Biochemistry,Search - NRCCUA,Hispanic,n,3,0,1,0,0,0,0,1,0,0,0,1,1,0,0,2,1,0,0,0,0,96,259,0.629343629,8,9,3.75,23,21,26,25,21,8,0,0,1,1,y,,No GPA on record,,,
39,2016,Oak Grove R VI High School,Female,Civil Engineering,Search - Nonresponder,White,n,1,0,0,0,0,0,0,1,0,0,0,0,0,0,0,4,0,0,1,0,0,41,144,0.715277778,8,7.571428571,3.78,21,22,21,21,21,7,0,0,1,1,y,,No GPA on record,,,
43,2016,Liberty High School,Male,Economics,Search - Nonresponder,White,n,1,0,0,0,0,0,0,1,0,0,0,0,0,0,0,4,0,0,1,0,0,238,422,0.436018957,8,7.571428571,3.19,23,23,24,22,23,0,0,1,1,1,y,,No GPA on record,,,
46,2015,Univ School of Colorado,Male,Business Administration,Application Import,,n,7,0,0,0,0,0,1,2,0,1,0,0,0,0,0,4,0,0,1,0,0,104.3529412,315.7058824,0.669461524,10,10,3.29,22,17,22,22,26,16839,0,1,0,1,y,,No GPA on record,,,
47,2016,North Mercer R-III High School,Female,English,Search - Nonresponder,White,n,1,0,0,0,0,0,0,1,0,0,0,0,0,0,0,1,0,0,0,0,0,8,17,0.529411765,9,29,3.26,25,24,24,28,25,593,0,0,1,1,y,,No GPA on record,,,
53,2015,Loveland Classical School,Female,Biochemistry,College Fair/Program,White,n,1,0,0,0,0,0,0,2,0,1,0,0,0,0,0,2,1,0,0,0,0,1,9,0.888888889,11,0,3.9,31,23,31,35,34,16469,0,0,0,1,y,,No GPA on record,,,
62,2016,North Kansas City High School,Female,Psychology,Online Application,Black,n,2,1,0,0,0,0,0,1,0,0,0,0,0,0,0,3,0,1,0,0,0,104,348,0.701149425,8,0,3.5,22,17,21,26,22,50,0,0,1,1,y,,No GPA on record,,Psychology,
64,2016,Storm Lake Senior High School,Male,Biology,"Web, Inquiry",White,n,1,0,0,0,0,0,0,1,0,0,0,0,0,0,0,2,1,0,0,0,0,104.3529412,315.7058824,0.669461524,6,7.571428571,3.11,24,24,25,22,23,13480,0,1,1,1,y,,No GPA on record,,,
74,2016,Harry A Burke Sr High School,Female,Biochemistry,Suspect Import - ACT EOS,White,n,1,0,0,0,0,0,0,1,0,0,0,0,0,0,0,2,1,0,0,0,0,101,506,0.800395257,8,0,3.9,22,22,25,22,20,4076,0,0,1,1,y,,No GPA on record,,,
76,2016,Olathe North High School,Female,Biology,College Fair/Program,White,n,1,0,0,0,0,0,0,1,0,0,0,0,0,0,0,1,0,0,0,0,0,30,562,0.946619217,8,13,4.58,35,31,36,35,36,1994,0,0,1,1,y,,No GPA on record,,Theater,
91,2016,Staley High School,Male,Physics,Online Application,White,n,1,0,0,0,0,0,0,1,0,0,0,2,0,1,0,2,1,0,0,0,0,69,361,0.808864266,8,7.571428571,3.94,25,27,25,25,23,88,0,1,1,1,y,,No GPA on record,,,
93,2016,Elsberry High School,Female,Undecided,Suspect Import - ACT EOS,White,n,1,0,0,0,0,0,0,1,0,0,0,0,0,0,0,6,0,0,0,0,1,12,57,0.789473684,10,4,3.56,30,26,30,35,32,725,0,0,1,1,y,,No GPA on record,,,
96,2015,William J Palmer High School,Female,Biology,Walk In,Black,n,2,1,0,0,0,0,0,1,0,0,0,0,0,0,0,2,1,0,0,0,0,104.3529412,315.7058824,0.669461524,7.78,7.571428571,4.18,25,23.3,25.1,26.3,26.5,16839,0,0,0,1,y,,No GPA on record,,,
97,2016,Lindbergh High School,Female,History,Online Application,White,n,1,0,0,0,0,0,0,1,0,0,0,0,0,0,0,3,0,1,0,0,0,252,473,0.467230444,8,3,3.14,27,23,24,29,31,945,0,0,1,1,y,,No GPA on record,,,
98,2016,Glendale High School,Female,Psychology,Online Application,White,n,1,0,0,0,0,0,0,1,0,0,0,0,0,0,0,3,0,1,0,0,0,104.3529412,315.7058824,0.669461524,4,23,3.84,25,25,28,20,30,1741,0,0,1,1,y,,No GPA on record,,,
100,2015,Helias Interparish High School,Female,Communication,Suspect Import - ACT EOS,Hispanic,n,3,0,1,0,0,0,0,2,0,1,0,0,0,0,0,3,0,1,0,0,0,80,161,0.50310559,9,7.571428571,3.65,27,24,25,25,34,1041,0,0,0,1,y,,No GPA on record,,,
102,2016,Lawson R-XIV High School,Female,Nursing,Search - Nonresponder,White,n,1,0,0,0,0,0,0,1,0,0,0,2,0,1,0,5,0,0,0,1,0,39,91,0.571428571,7.78,7.571428571,3.58,20,19,19,26,24,6,0,0,1,1,y,,No GPA on record,,,
104,2015,Lees Summit North High School,Male,Economics,Search - PSAT,White,n,1,0,0,0,0,0,0,1,0,0,0,0,0,0,0,4,0,0,1,0,0,13,453,0.971302428,8,7.571428571,4.3,28,27,26,35,28,18,0,1,0,1,y,,No GPA on record,,,
105,2016,North Kansas City High School,Male,Psychology,Test Score Import - ACT,Asian,n,4,0,0,1,0,0,0,1,0,0,0,0,0,0,0,3,0,1,0,0,0,127,343,0.629737609,8,0,3.27,25,20,25,25,30,49,0,1,1,1,y,,No GPA on record,,,
110,2016,Eldon High School,Female,Accounting,Online Application,White,n,1,0,0,0,0,0,0,1,0,0,0,0,0,0,0,4,0,0,1,0,0,51,141,0.638297872,8,6,3.89,24,27,23,21,24,958,0,0,1,1,y,,No GPA on record,,,
124,2016,Creighton Preparatory School,Male,International Relations,Suspect Import - College Board,White,n,1,0,0,0,0,0,0,2,0,1,0,0,0,0,0,3,0,1,0,0,0,104.3529412,315.7058824,0.669461524,7.78,7.571428571,2.95,28,23.3,25.1,26.3,26.5,4046,0,1,1,1,y,,No GPA on record,,,
126,2016,Blue Valley High School,Female,Business Administration,MyMajors.com,Hispanic,n,3,0,1,0,0,0,0,1,0,0,0,1,1,0,0,4,0,0,1,0,0,119,397,0.700251889,8,14,3.9,26,26,24,29,24,2156,0,0,1,1,y,,No GPA on record,,,
129,2016,Chaminade College Preparatory,Male,Undecided,Search - Nonresponder,White,n,1,0,0,0,0,0,0,2,0,1,0,0,0,0,0,6,0,0,0,0,1,104.3529412,315.7058824,0.669461524,7.78,7.571428571,3.67,28,27,24,32,28,1047,0,1,1,1,y,,No GPA on record,,,
137,2016,Kearney R-I Senior High School,Male,Music Education-Vocal,Suspect Import - ACT EOS,White,n,1,0,0,0,0,0,0,1,0,0,0,0,0,0,0,1,0,0,0,0,0,112,259,0.567567568,8,7.571428571,3.65,22,23,21,22,22,8,0,1,1,1,y,,No GPA on record,,,
139,2016,Derby High School,Female,Studio Art,Campus Visit Request,White,n,1,0,0,0,0,0,0,1,0,0,0,0,0,0,0,1,0,0,0,0,0,50,458,0.890829694,8,7.571428571,3.8,22,18,23,21,24,2969,0,0,1,1,y,,No GPA on record,,,
143,2016,Poplar Bluff Senior HS,Female,Biology,College Fair/Program,White,n,1,0,0,0,0,0,0,1,0,0,0,0,0,0,0,2,1,0,0,0,0,104.3529412,315.7058824,0.669461524,8,7.571428571,3.03,31,19,28,25,30,167,0,0,1,1,y,,No GPA on record,,,
145,2016,Winnetonka High School,Female,Nursing,Off Campus Recruiting Event,White,n,1,0,0,0,0,0,0,1,0,0,0,0,0,0,0,5,0,0,0,1,0,9,284,0.968309859,8,7.571428571,4.16,23,23,22,26,25,51,0,0,1,1,y,,No GPA on record,,,
153,2015,Smoky Valley High School,Female,Psychology,Test Score Import - ACT,White,n,1,0,0,0,0,0,0,1,0,0,0,0,0,0,0,3,0,1,0,0,0,39,65,0.4,8,7.571428571,2.81,25,21,23,31,28,3388,0,0,0,1,y,,No GPA on record,,,
154,2016,North Kansas City High School,Male,Business Administration,Online Application,White,n,1,0,0,0,0,0,0,1,0,0,0,0,0,0,0,4,0,0,1,0,0,77,343,0.775510204,7.78,7.571428571,3.64,23,23,25,26,21,50,0,1,1,1,y,,No GPA on record,,,
164,2015,Carthage Senior High School,Female,Political Science,College Fair/Program,,,7,0,0,0,0,0,1,1,0,0,0,0,0,0,0,3,0,1,0,0,0,104.3529412,315.7058824,0.669461524,7.78,7.571428571,4.13,25.47,23.3,25.1,26.3,26.5,768,0,0,0,1,y,,No GPA on record,,,
173,2016,Marquette High School,Female,Nursing,High School Visit,2 or more,n,5,0,0,0,1,0,0,1,0,0,0,0,0,0,0,5,0,0,0,1,0,104.3529412,315.7058824,0.669461524,7.78,7.571428571,3.07,20,18,23,24,28,1051,0,0,1,1,y,,No GPA on record,,,
180,2016,LOS FRESNOS HIGH SCHOOL,Female,Nursing,MyMajors.com,Hispanic,n,3,0,1,0,0,0,0,1,0,0,0,0,0,0,0,5,0,0,0,1,0,56,695,0.91942446,8,23,4.05,23,26,24,20,22,14452,0,0,1,1,y,,No GPA on record,,,
189,2016,Greenwood Laboratory School,Female,Psychology,Campus Visit Request,White,n,1,0,0,0,0,0,0,1,0,0,0,0,0,0,0,3,0,1,0,0,0,104.3529412,315.7058824,0.669461524,8,6,3.28,28,27,29,32,27,1741,0,0,1,1,y,,No GPA on record,,,
200,2016,Verdigris School,Female,English,Search - PSAT,White,n,1,0,0,0,0,0,0,2,0,1,0,0,0,0,0,1,0,0,0,0,0,1,84,0.988095238,8,15,3.9216,25,26,24,26,26,9951,0,0,1,1,y,,No GPA on record,,,
204,2016,Raytown Senior High School,Female,Nursing,Suspect Import - ACT EOS,White,n,1,0,0,0,0,0,0,1,0,0,0,0,0,0,0,5,0,0,0,1,0,104.3529412,315.7058824,0.669461524,7.78,7.571428571,3.84,26,27,24,28,23,65,0,0,1,1,y,,No GPA on record,,,
206,2016,Republic High School,Male,Biology,Off Campus Recruiting Event,White,n,1,0,0,0,0,0,0,1,0,0,0,0,0,0,0,2,1,0,0,0,0,11,348,0.968390805,8,7.571428571,4.33,34,35,34,30,35,1670,0,1,1,1,y,,No GPA on record,,,
209,2016,SHORELAND LUTHERAN HIGH SCHOOL,Female,Undecided,Online Application,,n,7,0,0,0,0,0,1,2,0,1,0,0,0,0,0,6,0,0,0,0,1,104.3529412,315.7058824,0.669461524,7.78,7.571428571,4,27,23.3,25.1,26.3,26.5,10665,0,0,1,1,y,,No GPA on record,,,
211,2015,Shelterwood School,Female,Studio Art,Campus Visit Request,White,n,1,0,0,0,0,0,0,2,0,1,0,0,0,0,0,1,0,0,0,0,0,104.3529412,315.7058824,0.669461524,8,7.571428571,3.74,27,21,25,30,33,8764,0,0,0,1,y,,No GPA on record,,,
219,2016,LAKEVILLE SOUTH HIGH SCHOOL,Male,Civil Engineering,"Web, Create Account",White,n,1,0,0,0,0,0,0,1,0,0,0,0,0,0,0,4,0,0,1,0,0,288,418,0.311004785,7.78,7.571428571,2.8,21,22,19,22,19,9024,0,1,1,1,y,,No GPA on record,,,
226,2016,Victor J Andrew High School,Female,Biology,Suspect Import - ACT EOS,White,n,1,0,0,0,0,0,0,1,0,0,0,0,0,0,0,2,1,0,0,0,0,104.3529412,315.7058824,0.669461524,4,7.571428571,4.26,28,28,27,28,28,3591,0,0,1,1,y,,No GPA on record,,,
228,2015,Lansing High School,Male,Elementary Education,Off Campus Recruiting Event,White,n,1,0,0,0,0,0,0,1,0,0,0,0,0,0,0,4,0,0,1,0,0,133,212,0.372641509,8,9,2.95,24,23,25,25,22,1980,0,1,0,1,y,,No GPA on record,,,
230,2016,Hazelwood West HS,Male,Physics,Suspect Import - NRCCUA,White,n,1,0,0,0,0,0,0,1,0,0,0,0,0,0,0,2,1,0,0,0,0,119,546,0.782051282,8,0,3.34,31,24,24,28,27,1026,0,1,1,1,y,,No GPA on record,,,
231,2015,Clinton High School,Female,Biology,Suspect Import - NRCCUA,,n,7,0,0,0,0,0,1,1,0,0,0,0,0,0,0,2,1,0,0,0,0,104.3529412,315.7058824,0.669461524,7.78,7.571428571,4.1,29,23.3,25.1,26.3,26.5,667,0,0,0,1,y,,No GPA on record,,,
237,2016,Miami High School,Male,Biochemistry,Suspect Import - NRCCUA,White,n,1,0,0,0,0,0,0,1,0,0,0,0,0,0,0,2,1,0,0,0,0,42,138,0.695652174,8,7.571428571,3.79,24,26,25,21,24,10286,0,1,1,1,y,,No GPA on record,,,
238,2016,Blue Valley Southwest,Female,Nursing,Online Event Registration,,n,7,0,0,0,0,0,1,1,0,0,0,0,0,0,0,5,0,0,0,1,0,104.3529412,315.7058824,0.669461524,7.78,7.571428571,4,21,23.3,25.1,26.3,26.5,2155,0,0,1,1,y,,No GPA on record,,,
240,2015,Blue Springs High School,Female,Studio Art,Campus Visit Request,White,n,1,0,0,0,0,0,0,1,0,0,0,1,1,0,0,1,0,0,0,0,0,181,593,0.694772344,7.78,7.571428571,3.62,20,17,17,23,23,53,0,0,0,1,y,,No GPA on record,,,
242,2015,Liberty High School,Male,Self-Designed,Suspect Import - NRCCUA,,n,7,0,0,0,0,0,1,1,0,0,0,1,1,0,0,6,0,0,0,0,1,207,406,0.490147783,8,7.571428571,3.31,19,17,24,18,18,0,0,1,0,1,y,,No GPA on record,,,
244,2015,Unlisted High School,,Biology,Online Application,Asian,n,4,0,0,1,0,0,0,4,0,0,1,0,0,0,0,2,1,0,0,0,0,104.3529412,315.7058824,0.669461524,7.78,16,3.57,25.47,23.3,25.1,26.3,26.5,64068,0,1,0,1,y,,No GPA on record,,,
